Team Name,Member 1 Full Name,Member 1 Email,Member 1 Phone,Member 1 College,Member 1 Branch,Member 1 Academic Year,Member 1 Role,Member 1 Breakfast,Member 1 Lunch,Member 1 Dinner,Member 2 Full Name,Member 2 Email,Member 2 Phone,Member 2 College,Member 2 Branch,Member 2 Academic Year,Member 2 Role,Member 2 Breakfast,Member 2 Lunch,Member 2 Dinner,Member 3 Full Name,Member 3 Email,Member 3 Phone,Member 3 College,Member 3 Branch,Member 3 Academic Year,Member 3 Role,Member 3 Breakfast,Member 3 Lunch,Member 3 Dinner,Member 4 Full Name,Member 4 Email,Member 4 Phone,Member 4 College,Member 4 Branch,Member 4 Academic Year,Member 4 Role,Member 4 Breakfast,Member 4 Lunch,Member 4 Dinner
AIMERS Alpha,Rohit,aimers.team01.member1@gmail.com,900000101,MVSR Engineering College,CSE (AI & ML),4th Year,leader,No,Yes,Yes,Karthik,aimers.team01.member2@gmail.com,900000102,MVSR Engineering College,Electronics and Communication,2nd Year,member,Yes,Yes,Yes,Rahul,aimers.team01.member3@gmail.com,900000103,MVSR Engineering College,Information Technology,3rd Year,member,No,Yes,Yes,Arjun,aimers.team01.member4@gmail.com,900000104,MVSR Engineering College,Computer Science,4th Year,member,Yes,Yes,No
AIMERS Beta,Sanjay,aimers.team02.member1@gmail.com,900000201,MVSR Engineering College,Electronics and Communication,2nd Year,leader,Yes,Yes,Yes,Vikram,aimers.team02.member2@gmail.com,900000202,MVSR Engineering College,Information Technology,3rd Year,member,No,Yes,Yes,Aditya,aimers.team02.member3@gmail.com,900000203,MVSR Engineering College,Computer Science,4th Year,member,Yes,Yes,No,,,,,,,,,,
AIMERS Gamma,Nikhil,aimers.team03.member1@gmail.com,900000301,MVSR Engineering College,Information Technology,3rd Year,leader,No,Yes,Yes,Sai,aimers.team03.member2@gmail.com,900000302,MVSR Engineering College,Computer Science,4th Year,member,Yes,Yes,Yes,Varun,aimers.team03.member3@gmail.com,900000303,MVSR Engineering College,CSE (AI & ML),2nd Year,member,No,Yes,Yes,Pranav,aimers.team03.member4@gmail.com,900000304,MVSR Engineering College,Electronics and Communication,3rd Year,member,Yes,Yes,No
AIMERS Delta,Akash,aimers.team04.member1@gmail.com,900000401,MVSR Engineering College,Computer Science,4th Year,leader,Yes,Yes,Yes,Manoj,aimers.team04.member2@gmail.com,900000402,MVSR Engineering College,CSE (AI & ML),2nd Year,member,No,Yes,Yes,Harsha,aimers.team04.member3@gmail.com,900000403,MVSR Engineering College,Electronics and Communication,3rd Year,member,Yes,Yes,No,,,,,,,,,,
AIMERS Epsilon,Teja,aimers.team05.member1@gmail.com,900000501,MVSR Engineering College,CSE (AI & ML),2nd Year,leader,No,Yes,Yes,Abhinav,aimers.team05.member2@gmail.com,900000502,MVSR Engineering College,Electronics and Communication,3rd Year,member,Yes,Yes,Yes,Siddharth,aimers.team05.member3@gmail.com,900000503,MVSR Engineering College,Information Technology,4th Year,member,No,Yes,Yes,Aman,aimers.team05.member4@gmail.com,900000504,MVSR Engineering College,Computer Science,2nd Year,member,Yes,Yes,No
AIMERS Zeta,Surya,aimers.team06.member1@gmail.com,900000601,MVSR Engineering College,Electronics and Communication,3rd Year,leader,Yes,Yes,Yes,Vivek,aimers.team06.member2@gmail.com,900000602,MVSR Engineering College,Information Technology,4th Year,member,No,Yes,Yes,Anil,aimers.team06.member3@gmail.com,900000603,MVSR Engineering College,Computer Science,2nd Year,member,Yes,Yes,No,,,,,,,,,,
AIMERS Eta,Rakesh,aimers.team07.member1@gmail.com,900000701,MVSR Engineering College,Information Technology,4th Year,leader,No,Yes,Yes,Pavan,aimers.team07.member2@gmail.com,900000702,MVSR Engineering College,Computer Science,2nd Year,member,Yes,Yes,Yes,Tarun,aimers.team07.member3@gmail.com,900000703,MVSR Engineering College,CSE (AI & ML),3rd Year,member,No,Yes,Yes,Rohan,aimers.team07.member4@gmail.com,900000704,MVSR Engineering College,Electronics and Communication,4th Year,member,Yes,Yes,No
AIMERS Theta,Yash,aimers.team08.member1@gmail.com,900000801,MVSR Engineering College,Computer Science,2nd Year,leader,Yes,Yes,Yes,Kiran,aimers.team08.member2@gmail.com,900000802,MVSR Engineering College,CSE (AI & ML),3rd Year,member,No,Yes,Yes,Naveen,aimers.team08.member3@gmail.com,900000803,MVSR Engineering College,Electronics and Communication,4th Year,member,Yes,Yes,No,,,,,,,,,,
AIMERS Iota,Akhil,aimers.team09.member1@gmail.com,900000901,MVSR Engineering College,CSE (AI & ML),3rd Year,leader,No,Yes,Yes,Dheeraj,aimers.team09.member2@gmail.com,900000902,MVSR Engineering College,Electronics and Communication,4th Year,member,Yes,Yes,Yes,Suman,aimers.team09.member3@gmail.com,900000903,MVSR Engineering College,Information Technology,2nd Year,member,No,Yes,Yes,Charan,aimers.team09.member4@gmail.com,900000904,MVSR Engineering College,Computer Science,3rd Year,member,Yes,Yes,No
AIMERS Kappa,Mahesh,aimers.team10.member1@gmail.com,900001001,MVSR Engineering College,Electronics and Communication,4th Year,leader,Yes,Yes,Yes,Lokesh,aimers.team10.member2@gmail.com,900001002,MVSR Engineering College,Information Technology,2nd Year,member,No,Yes,Yes,Ajay,aimers.team10.member3@gmail.com,900001003,MVSR Engineering College,Computer Science,3rd Year,member,Yes,Yes,No,,,,,,,,,,
AIMERS Lambda,Manish,aimers.team11.member1@gmail.com,900001101,MVSR Engineering College,Information Technology,2nd Year,leader,No,Yes,Yes,Shreyas,aimers.team11.member2@gmail.com,900001102,MVSR Engineering College,Computer Science,3rd Year,member,Yes,Yes,Yes,Darshan,aimers.team11.member3@gmail.com,900001103,MVSR Engineering College,CSE (AI & ML),4th Year,member,No,Yes,Yes,Pradeep,aimers.team11.member4@gmail.com,900001104,MVSR Engineering College,Electronics and Communication,2nd Year,member,Yes,Yes,No
AIMERS Mu,Madhav,aimers.team12.member1@gmail.com,900001201,MVSR Engineering College,Computer Science,3rd Year,leader,Yes,Yes,Yes,Ritesh,aimers.team12.member2@gmail.com,900001202,MVSR Engineering College,CSE (AI & ML),4th Year,member,No,Yes,Yes,Suresh,aimers.team12.member3@gmail.com,900001203,MVSR Engineering College,Electronics and Communication,2nd Year,member,Yes,Yes,No,,,,,,,,,,
AIMERS Nu,Nithin,aimers.team13.member1@gmail.com,900001301,MVSR Engineering College,CSE (AI & ML),4th Year,leader,No,Yes,Yes,Ravi,aimers.team13.member2@gmail.com,900001302,MVSR Engineering College,Electronics and Communication,2nd Year,member,Yes,Yes,Yes,Ashwin,aimers.team13.member3@gmail.com,900001303,MVSR Engineering College,Information Technology,3rd Year,member,No,Yes,Yes,Gautham,aimers.team13.member4@gmail.com,900001304,MVSR Engineering College,Computer Science,4th Year,member,Yes,Yes,No
AIMERS Xi,Tejas,aimers.team14.member1@gmail.com,900001401,MVSR Engineering College,Electronics and Communication,2nd Year,leader,Yes,Yes,Yes,Abhishek,aimers.team14.member2@gmail.com,900001402,MVSR Engineering College,Information Technology,3rd Year,member,No,Yes,Yes,Krishna,aimers.team14.member3@gmail.com,900001403,MVSR Engineering College,Computer Science,4th Year,member,Yes,Yes,No,,,,,,,,,,
AIMERS Omicron,Uday,aimers.team15.member1@gmail.com,900001501,MVSR Engineering College,Information Technology,3rd Year,leader,No,Yes,Yes,Mohan,aimers.team15.member2@gmail.com,900001502,MVSR Engineering College,Computer Science,4th Year,member,Yes,Yes,Yes,Chaitanya,aimers.team15.member3@gmail.com,900001503,MVSR Engineering College,CSE (AI & ML),2nd Year,member,No,Yes,Yes,Suraj,aimers.team15.member4@gmail.com,900001504,MVSR Engineering College,Electronics and Communication,3rd Year,member,Yes,Yes,No
AIMERS Pi,Vamsi,aimers.team16.member1@gmail.com,900001601,MVSR Engineering College,Computer Science,4th Year,leader,Yes,Yes,Yes,Hemanth,aimers.team16.member2@gmail.com,900001602,MVSR Engineering College,CSE (AI & ML),2nd Year,member,No,Yes,Yes,Srikar,aimers.team16.member3@gmail.com,900001603,MVSR Engineering College,Electronics and Communication,3rd Year,member,Yes,Yes,No,,,,,,,,,,
AIMERS Rho,Jayanth,aimers.team17.member1@gmail.com,900001701,MVSR Engineering College,CSE (AI & ML),2nd Year,leader,No,Yes,Yes,Roshan,aimers.team17.member2@gmail.com,900001702,MVSR Engineering College,Electronics and Communication,3rd Year,member,Yes,Yes,Yes,Vishal,aimers.team17.member3@gmail.com,900001703,MVSR Engineering College,Information Technology,4th Year,member,No,Yes,Yes,Deepak,aimers.team17.member4@gmail.com,900001704,MVSR Engineering College,Computer Science,2nd Year,member,Yes,Yes,No
AIMERS Sigma,Yashwanth,aimers.team18.member1@gmail.com,900001801,MVSR Engineering College,Electronics and Communication,3rd Year,leader,Yes,Yes,Yes,Kalyan,aimers.team18.member2@gmail.com,900001802,MVSR Engineering College,Information Technology,4th Year,member,No,Yes,Yes,Sandeep,aimers.team18.member3@gmail.com,900001803,MVSR Engineering College,Computer Science,2nd Year,member,Yes,Yes,No,,,,,,,,,,
AIMERS Tau,Harish,aimers.team19.member1@gmail.com,900001901,MVSR Engineering College,Information Technology,4th Year,leader,No,Yes,Yes,Raghu,aimers.team19.member2@gmail.com,900001902,MVSR Engineering College,Computer Science,2nd Year,member,Yes,Yes,Yes,Aravind,aimers.team19.member3@gmail.com,900001903,MVSR Engineering College,CSE (AI & ML),3rd Year,member,No,Yes,Yes,Sanjay Kumar,aimers.team19.member4@gmail.com,900001904,MVSR Engineering College,Electronics and Communication,4th Year,member,Yes,Yes,No
AIMERS Upsilon,Karthik Reddy,aimers.team20.member1@gmail.com,900002001,MVSR Engineering College,Computer Science,2nd Year,leader,Yes,Yes,Yes,Sai Teja,aimers.team20.member2@gmail.com,900002002,MVSR Engineering College,CSE (AI & ML),3rd Year,member,No,Yes,Yes,Chaitanya Reddy,aimers.team20.member3@gmail.com,900002003,MVSR Engineering College,Electronics and Communication,4th Year,member,Yes,Yes,No,,,,,,,,,,
